community_num,community,population,tracts,broad_walk_min,museum_walk_min,broad_within_1mi,museum_within_1mi,poverty_rate,no_vehicle_rate,black_share,hispanic_share,median_income
1,Rogers Park,49628.0,11,10.40631187475546,17.60976983145872,0.9154106552752479,0.586564036431047,0.18325759901702893,0.3539450632266528,0.23496816313371482,0.24159748529056177,64218.399512372045
2,West Ridge,78373.0,14,25.219158159890615,26.056319653135652,0.2167583223814324,0.2167583223814324,0.19364538030588097,0.14835990198166155,0.12292498692151634,0.2057979150983119,71553.99427098618
3,Uptown,51647.0,11,8.355918445954696,11.343986362937356,1.0,1.0,0.1974389449475469,0.4245772573194497,0.20589772881290297,0.14672681859546538,72312.01279842004
4,Lincoln Square,41651.0,11,10.15311659591081,12.690425953309077,1.0,1.0,0.09300075681841577,0.21994506446977644,0.04244796043312286,0.1777868478547934,91671.72485654606
5,North Center,36014.0,14,10.495973777176607,24.97310081445894,1.0,0.3713278169600711,0.05077954802793463,0.1171526362835722,0.024573776864552675,0.11848170156050425,148188.35924918088
6,Lake View,102827.0,34,11.64616811196974,20.009971077422204,1.0,0.4870024409931244,0.08265430788637232,0.3704369199117057,0.04697209876783335,0.10249253600707985,120923.3922024371
7,Lincoln Park,67987.0,20,7.056864282746842,9.289243646012718,0.9442981746510363,0.9442981746510363,0.08519382277546274,0.29770748122301505,0.027608219218379984,0.07923573624369365,158657.5288216865
8,Near North Side,103830.0,19,4.502392512892971,6.594831852428174,1.0,1.0,0.09767880800854711,0.4717745586829244,0.08315515746893962,0.08355966483675238,123117.46766830396
9,Edison Park,11558.0,3,37.24705065302905,37.24705065302905,0.0,0.0,0.08127103437191303,0.0558930862956368,0.0060564111437965045,0.1491607544557882,130037.08980792525
10,Norwood Park,39530.0,7,15.720416064784258,15.720416064784258,0.7646850493296231,0.7646850493296231,0.05666107837429243,0.06859762232121046,0.009663546673412599,0.18011636731596256,110250.19261320516
11,Jefferson Park,26649.0,6,15.522056798862497,23.57055616477028,0.7973282299523434,0.3265413336335322,0.05634473310000143,0.10237102826984448,0.029607114713497692,0.2692408720777515,96865.33603512327
12,Forest Glen,19901.0,4,24.203502857757297,24.979187337443555,0.5535902718456359,0.5535902718456359,0.04824306312017716,0.04908470885683931,0.014622380784885182,0.10778352846590623,138666.050851716
13,North Park,18356.0,4,10.815622245166878,10.815622245166878,1.0,1.0,0.17179702154347826,0.1927271740656029,0.056548267596426234,0.16474177380692961,69083.28459359337
14,Albany Park,45538.0,11,12.614464929385809,14.265118641919038,0.9251833633448988,0.7730906056480302,0.11973274994219266,0.17830187334746553,0.03897843559225262,0.42975097720585004,86836.74214941368
15,Portage Park,63031.0,14,15.768708748459504,19.708625073311513,0.6622931573352795,0.5158096809506433,0.10870639954668229,0.11456262145547293,0.027272294585204106,0.4089892275229649,92019.07140930653
16,Irving Park,53332.0,15,10.558203189546,19.771402807549904,0.8857533938348459,0.4974499362484062,0.10759927224156211,0.14061304677636677,0.04213230330758269,0.37384684617115427,94018.47074926873
17,Dunning,41233.0,11,50.88574521903751,51.59582570050552,0.0,0.0,0.09172980343295578,0.06650008101504906,0.031358377998205324,0.36703611185215723,87863.2120631533
18,Montclare,14280.0,2,61.65674150359437,62.249275030852466,0.0,0.0,0.14599874794141332,0.09453991145699824,0.07380952380952381,0.6074929971988795,74032.47338935574
19,Belmont Cragin,72088.0,17,32.24446969347359,32.79529343143171,0.17804627677283322,0.14443457995782932,0.15746029026052544,0.1380944741728888,0.04486183553434691,0.7814754189324159,70209.26754799689
20,Hermosa,22576.0,6,7.70687864472991,8.90426618999809,1.0,0.8226435152374203,0.1347076068199131,0.10779291086258677,0.030917788802267896,0.848644578313253,70769.61113571934
21,Avondale,35533.0,10,10.095029257726095,28.349752802761603,1.0,0.0,0.130571976648444,0.17897256948252135,0.0345875664874905,0.49677764331747953,92274.49615850055
22,Logan Square,69944.0,26,13.050742803953586,16.799548419425054,0.7804100423195699,0.6306473750428915,0.10591402862076232,0.2135957855450172,0.06272160585611346,0.3343388996911815,110060.20722292119
23,Humboldt Park,56153.0,15,13.926849453848536,16.607163659864735,0.8792584545794526,0.8792584545794526,0.26382361327354326,0.2667060805343421,0.3188965861129414,0.537638238384414,58668.9813010881
24,West Town,89412.0,32,7.99408747631298,10.864466505418267,0.9467632979913211,0.9127410191025813,0.08069757990285456,0.20273720242842033,0.06878271372970071,0.19624882566098512,142305.60674182436
25,Austin,97452.0,24,45.18586443120159,48.26035187418454,0.0,0.0,0.23227967961554064,0.28532817997341237,0.6935106513976111,0.2176661330706399,52411.122954250095
26,West Garfield Park,15096.0,10,25.71413796976995,35.15683548451477,0.26722310545839956,0.0,0.3078776820079703,0.30310682061233407,0.893879173290938,0.08326709062003179,44375.95697597894
27,East Garfield Park,20731.0,12,9.849677337202465,18.555980033767767,1.0,0.5403502001833004,0.38117131394979686,0.3786695660098041,0.8006367276060007,0.10597655684723362,40074.89428571428
28,Near West Side,68165.0,20,5.600000341981011,8.991651208134401,1.0,0.8784126751265312,0.16097850536817007,0.3240898608656208,0.24706227536125577,0.11571921073864887,117790.68973071511
29,North Lawndale,33958.0,14,12.672296891765313,41.781094437701164,0.9331232699216679,0.04434890158431003,0.318600514379788,0.3216048069504174,0.7954532069026444,0.15033276400259143,49733.32852235843
30,South Lawndale,69884.0,18,11.791729556113188,43.70014923950551,0.8754221280979909,0.0,0.19409582920780616,0.19111790711664273,0.12022780607864461,0.8072806364833152,59623.78306908591
31,Lower West Side,33446.0,11,6.500321711158065,9.392691494724122,0.8813012019374514,0.8813012019374514,0.1698365001778869,0.24561680963064345,0.02903187227172158,0.6823237457394008,77188.63645876935
32,Loop,42550.0,6,4.0875493460592915,4.278992962725623,1.0,1.0,0.1146244182094965,0.49035343783622776,0.11290246768507638,0.10547591069330199,119665.97059929495
33,Near South Side,30482.0,5,5.498990477508257,5.656906776483494,1.0,1.0,0.08998689692099132,0.22370347609658645,0.2627124204448527,0.07909585985171577,124851.17229840561
34,Armour Square,13848.0,5,7.412637740458445,8.610116395205534,1.0,1.0,0.24411733270919653,0.3542252268275112,0.11770652801848643,0.04643269786250722,44607.326978625075
35,Douglas,21088.0,10,13.83392698346694,25.627839798510156,1.0,0.29338960546282244,0.24250934533888313,0.4264775318608437,0.6605178300455236,0.07829097116843703,61797.45266737729
36,Oakland,3580.0,2,16.49689045423661,40.222508265092166,1.0,0.0,0.4723463687150838,0.41680663252128874,0.8832402234636871,0.034916201117318434,39098.24022346369
37,Fuller Park,2270.0,2,14.034857103108644,22.32086528187091,1.0,0.31938325991189426,0.5682819383259912,0.5393802085877153,0.8101321585903084,0.07841409691629955,19938.614537444933
38,Grand Boulevard,25181.0,13,7.7406621179658135,24.431949840527096,1.0,0.27687542194511733,0.2555678632548085,0.2796105333106052,0.844763909296692,0.04598705373098765,59662.148723243714
39,Kenwood,12580.0,6,6.5922420024319575,22.48719839857454,1.0,0.4888712241653418,0.24533164725065845,0.35626019739002474,0.6978537360890302,0.04077901430842607,74945.04786545924
40,Washington Park,12313.0,6,4.973084384373309,9.694039674966165,1.0,1.0,0.41076079318390574,0.35553920453663496,0.9237391374969545,0.028993746446844798,36634.71683649621
41,Hyde Park,20071.0,9,4.574430946597794,6.524505178303575,1.0,1.0,0.2142995196368433,0.41264180002399864,0.2506601564446216,0.08415126301629217,79835.87813262916
42,Woodlawn,26211.0,11,11.767518390341491,12.19115927084351,1.0,0.9218267139750487,0.3154347767862951,0.36064552379818526,0.7702872839647477,0.041700049597497235,43895.815254237285
43,South Shore,47596.0,14,20.484889407738073,21.906267512157214,0.5624632322043869,0.46398857046810654,0.2767690232770848,0.365238083278604,0.9100764770148752,0.03162030422724599,45747.52909908396
44,Chatham,29895.0,10,31.378282031042758,35.87510560909522,0.0,0.0,0.24871313035011872,0.27920383353589523,0.9269108546579695,0.042381669175447396,48579.47048001338
45,Avalon Park,9071.0,2,24.24906189697304,28.824288398447035,0.0,0.0,0.10120163157314518,0.21703965081532825,0.8832543269760776,0.05655385293793407,61113.38033292911
46,South Chicago,27551.0,9,37.568100991487896,37.568100991487896,0.0,0.0,0.30239101327344214,0.3184616789653306,0.6904286595767849,0.23578091539327067,45179.57765598345
47,Burnside,2304.0,1,13.642055962257897,13.642055962257897,1.0,1.0,0.2677951388888889,0.34106280193236715,0.9184027777777778,0.048177083333333336,47054.0
48,Calumet Heights,11229.0,5,14.667509883304424,14.667509883304424,0.7478849407783418,0.7478849407783418,0.18477139637740617,0.17406114236325412,0.9347225932852435,0.0559266185768991,64925.16279276872
49,Roseland,36635.0,13,22.62432640746657,22.62432640746657,0.42571311587279925,0.42571311587279925,0.22114892588348264,0.22242287163798127,0.9283199126518357,0.03149993175924662,55318.80928074246
50,Pullman,6744.0,3,10.986218281696658,10.986218281696658,1.0,1.0,0.17344798629414154,0.12996355605455698,0.7746144721233689,0.07725385527876631,61948.43890865955
51,South Deering,12854.0,4,23.44219666588458,23.44219666588458,0.5243503967636534,0.5243503967636534,0.29965685469520736,0.22187607643954488,0.6275089466313988,0.3079975105025673,49729.43138322701
52,East Side,22687.0,6,44.90497103806825,44.90497103806825,0.0,0.0,0.19113910377317195,0.11143144372596939,0.029223784546215895,0.8338696169612554,64191.09128575836
53,West Pullman,24549.0,8,33.9536994990348,34.1738641949408,0.06835308973888957,0.06835308973888957,0.25611974499201157,0.24576677838776476,0.8955558271212677,0.0859098130270072,53906.438714407916
54,Riverdale,7518.0,2,44.33893892571843,44.33893892571843,0.0,0.0,0.6198457036445864,0.32894145866731683,0.9481245011971269,0.01223729715349827,16989.81058792232
55,Hegewisch,8853.0,2,43.49639263696721,43.49639263696721,0.0,0.0,0.09760696352106045,0.09314834522446,0.09827177228058286,0.5253586354907941,61827.45385744945
56,Garfield Ridge,36732.0,10,58.022903780445475,58.92055707842,0.0,0.0,0.06760553140652993,0.08213077263633026,0.0369432647283023,0.5907927692475226,93994.8348851138
57,Archer Heights,13414.0,5,38.065253020011475,41.46412304818241,0.0,0.0,0.10574208589366128,0.2575286344767504,0.01572983450126733,0.7946175637393768,67303.92665663983
58,Brighton Park,42994.0,10,26.16885746983527,28.777152121700396,0.21930967111690003,0.21930967111690003,0.17854470447198545,0.11850548608123776,0.025910592175652416,0.7878308601200168,64839.42573382332
59,Mckinley Park,14854.0,5,19.107923085695013,19.187228388452784,0.651407028409856,0.651407028409856,0.13879301162809873,0.1348783958865258,0.03830618015349401,0.5696108792244513,86638.70405278039
60,Bridgeport,33675.0,10,10.292528405850657,10.886790208838187,1.0,1.0,0.17603521246340245,0.20146030393542885,0.02969561989606533,0.24228656273199703,78067.55159613957
61,New City,36914.0,15,22.169388541336485,22.37844528147774,0.3624911957522891,0.3624911957522891,0.2791543107456281,0.18568075713062995,0.21531126401907136,0.656146719401853,58687.16150191571
62,West Elsdon,17901.0,4,26.182661180279112,26.182661180279112,0.0,0.0,0.10842969666499078,0.11470810271462892,0.01329534662867996,0.8313502038992235,79051.53410423998
63,Gage Park,39307.0,8,13.952440245001414,14.729724019497867,0.7661739639250006,0.7661739639250006,0.15944475660526944,0.19031717932608994,0.066044216042944,0.8872211056554812,61920.55972218689
64,Clearing,23629.0,8,50.264382749551515,50.264382749551515,0.06297346481019087,0.06297346481019087,0.08059777720015901,0.06879639811983285,0.009352913792373779,0.6661306022260781,80559.70650471878
65,West Lawn,31942.0,6,12.006675958800596,12.006675958800596,1.0,1.0,0.1804571409080012,0.09968082191195252,0.022885229478429654,0.8797194915784861,69928.41644230168
66,Chicago Lawn,54409.0,11,10.239811212089128,27.04999796008038,1.0,0.19539046848866914,0.2169939622091024,0.2128896116149093,0.334558620816409,0.6102666838206914,54416.98391810178
67,West Englewood,28144.0,19,23.970304287811675,38.40714061552855,0.29643973848777716,0.10801591813530415,0.3210316438346506,0.2752014393251624,0.6851193860147812,0.2748010233086981,42407.032672374946
68,Englewood,23195.0,11,26.183982851808427,36.14820120092911,0.4144427678378961,0.09911618883380038,0.33562271788451925,0.42109196635415813,0.867902565208019,0.09502047855141194,31831.310885966803
69,Greater Grand Crossing,29143.0,12,23.550354768951454,33.55878607118589,0.3741893422091068,0.07717119033730227,0.2965226392509015,0.4152796182053442,0.8845005661736952,0.07236729231719452,42430.190749064954
70,Ashburn,42007.0,8,35.06472710998572,41.344954890474874,0.080462780012855,0.0,0.11143229337918875,0.07903375230058146,0.430642511962292,0.4652081795891161,84085.39352964982
71,Auburn Gresham,43779.0,15,33.497228352538244,39.95780677169594,0.03440005482080449,0.03440005482080449,0.27998353164372974,0.2626493817524288,0.932753146485758,0.045432741725484824,48686.68299869801
72,Beverly,19521.0,7,11.73063968355153,11.733089365759536,0.9012857947851032,0.9012857947851032,0.05891919308125536,0.051820985407217905,0.314123251882588,0.06623636084216997,131824.39229547666
73,Washington Heights,24851.0,8,21.607672801272038,21.607672801272038,0.41772966882620416,0.41772966882620416,0.16285710163134293,0.16552092572644736,0.9307874934610277,0.036819443885557926,64725.931391090904
74,Mount Greenwood,19059.0,4,32.87340650558634,41.83176017949681,0.15756335589485282,0.0,0.0537881413782726,0.035247850780162314,0.03767249068681463,0.0934991342672753,113248.72585130384
75,Morgan Park,20865.0,6,14.899752569518526,20.21656076526007,0.6806134675293554,0.2670500838725138,0.17776602273779848,0.10877204277254796,0.6144260723699976,0.056745746465372636,74566.99228372873
76,Ohare,14145.0,4,50.751455474714945,50.751455474714945,0.0,0.0,0.08693667089091528,0.07715680834737783,0.061223047013078825,0.11396253092965712,81788.00402969247
77,Edgewater,53846.0,16,9.96734205409796,11.268068458375682,1.0,1.0,0.16692612295991038,0.3621562897704936,0.12281320803773725,0.17026334360955317,77862.82206663447
